class,service,msg,count
"DummyClass1","DummyService1","This is a test message 1",3
"DummyClass2","DummyService2","This is a test message 2",2
"DummyClass3","DummyService3","This is a test message 3",8
"DummyClass4","DummyService4","This is a test message 4",10
"DummyClass5","DummyService5","This is a test message 5",5
"DummyClass6","DummyService6","This is a test message 6",7
"DummyClass7","DummyService7","This is a test message 7",10
"DummyClass8","DummyService8","This is a test message 8",7
"DummyClass9","DummyService9","This is a test message 9",7
"DummyClass10","DummyService10","This is a test message 10",9
"DummyClass11","DummyService11","This is a test message 11",1
"DummyClass12","DummyService12","This is a test message 12",8
"DummyClass13","DummyService13","This is a test message 13",9
"DummyClass14","DummyService14","This is a test message 14",1
"DummyClass15","DummyService15","This is a test message 15",7
"DummyClass16","DummyService16","This is a test message 16",9
"DummyClass17","DummyService17","This is a test message 17",2
"DummyClass18","DummyService18","This is a test message 18",8
"DummyClass19","DummyService19","This is a test message 19",5
"DummyClass20","DummyService20","This is a test message 20",7
"DummyClass21","DummyService21","This is a test message 21",8
"DummyClass22","DummyService22","This is a test message 22",9
"DummyClass23","DummyService23","This is a test message 23",1
"DummyClass24","DummyService24","This is a test message 24",3
"DummyClass25","DummyService25","This is a test message 25",10
"DummyClass26","DummyService26","This is a test message 26",6
"DummyClass27","DummyService27","This is a test message 27",7
"DummyClass28","DummyService28","This is a test message 28",7
"DummyClass29","DummyService29","This is a test message 29",7
"DummyClass30","DummyService30","This is a test message 30",8
"DummyClass31","DummyService31","This is a test message 31",1
"DummyClass32","DummyService32","This is a test message 32",4
"DummyClass33","DummyService33","This is a test message 33",6
"DummyClass34","DummyService34","This is a test message 34",8
"DummyClass35","DummyService35","This is a test message 35",3
"DummyClass36","DummyService36","This is a test message 36",2
"DummyClass37","DummyService37","This is a test message 37",10
"DummyClass38","DummyService38","This is a test message 38",6
"DummyClass39","DummyService39","This is a test message 39",2
"DummyClass40","DummyService40","This is a test message 40",1
"DummyClass41","DummyService41","This is a test message 41",3
"DummyClass42","DummyService42","This is a test message 42",1
"DummyClass43","DummyService43","This is a test message 43",6
"DummyClass44","DummyService44","This is a test message 44",3
"DummyClass45","DummyService45","This is a test message 45",9
"DummyClass46","DummyService46","This is a test message 46",7
"DummyClass47","DummyService47","This is a test message 47",5
"DummyClass48","DummyService48","This is a test message 48",8
"DummyClass49","DummyService49","This is a test message 49",3
"DummyClass50","DummyService50","This is a test message 50",4
